Cluster,Avg_Total_Spend,Total_Spend,Num_Customers,Avg_Spend,Avg_Purchase_Freq
0,17616.666666666668,105700,6,10891.666666666666,1.8333333333333333
1,1875.0,7500,4,1412.5,1.25
